name,house_number,city,province,Postal_code
Aldis,508,Birmingham,Alabama,35263
Catherin,5,Levittown,Pennsylvania,19058
Justino,88,Omaha,Nebraska,68144
Fayina,1,Fresno,California,93750
Tedmund,1294,Morgantown,West Virginia,26505
Flinn,81,Terre Haute,Indiana,47805
Karl,9,Minneapolis,Minnesota,55458
Patton,67,New York City,New York,10280
Rodie,732,Springfield,Missouri,65898
Jaynell,3906,Manassas,Virginia,22111
Glynis,6975,Atlanta,Georgia,31136
Clem,80,Boynton Beach,Florida,33436
Kipp,8439,New York City,New York,10184
Ryon,982,Fort Wayne,Indiana,46814
Addia,3766,Milwaukee,Wisconsin,53225
Ari,42094,Santa Barbara,California,93111
Shirley,8,Des Moines,Iowa,50347
Annadiane,15,Sacramento,California,95838
Zabrina,9,New Orleans,Louisiana,70129
Starr,9,Houston,Texas,77080
Juliette,43107,Rochester,New York,14609
Wandie,70311,San Bernardino,California,92405
Vick,135,Beaufort,South Carolina,29905
Delphinia,43,Spartanburg,South Carolina,29305
Guglielmo,63833,Atlanta,Georgia,30316
Harrie,61035,Tallahassee,Florida,32309
Cordelia,52066,Seattle,Washington,98148
Darren,7,Wichita,Kansas,67236
Floria,87357,Dallas,Texas,75372
Alleyn,7941,Dallas,Texas,75226
Leslie,80,Port Charlotte,Florida,33954
Val,2659,South Bend,Indiana,46699
Man,2,Wilmington,North Carolina,28405
Hadlee,3299,Stockton,California,95210
Harlie,0,Beaverton,Oregon,97075
Glenn,2,Seattle,Washington,98166
Giraldo,9,Grand Rapids,Michigan,49560
Mireille,6181,Los Angeles,California,90025
Sullivan,6836,Santa Rosa,California,95405
Kirk,413,Tacoma,Washington,98481
Camellia,42,Lansing,Michigan,48956
Hettie,4,Columbus,Ohio,43204
Marjie,57,Charlotte,North Carolina,28215
Vincents,48921,Rochester,New York,14614
Faber,07,Bakersfield,California,93381
Siegfried,11,Denver,Colorado,80262
Pennie,5016,Washington,District of Columbia,20226
Pegeen,39656,Fort Lauderdale,Florida,33330
Ronalda,03,Charleston,West Virginia,25326
Guglielma,0876,New York City,New York,10105
Liva,647,Bakersfield,California,93381
Debi,2056,Birmingham,Alabama,35236
Sonny,33508,Rockville,Maryland,20851
Russ,241,Boise,Idaho,83722
Pat,1981,Pittsburgh,Pennsylvania,15255
Hugues,09089,Jackson,Mississippi,39296
Honor,237,Denver,Colorado,80241
Ada,1505,Torrance,California,90505
Sonnnie,3,Charleston,South Carolina,29403
Saunders,2399,Newton,Massachusetts,02162
Salome,980,Canton,Ohio,44760
Valenka,5,Topeka,Kansas,66617
Berna,43,Athens,Georgia,30610
Shane,10834,Philadelphia,Pennsylvania,19184
Paulie,97267,Brooklyn,New York,11236
Keir,352,San Diego,California,92115
Quintus,04226,Salem,Oregon,97306
Baxter,55486,Akron,Ohio,44329
Ansel,5,Brooklyn,New York,11205
Rebekah,1,Portsmouth,New Hampshire,00214
Sibbie,449,Indianapolis,Indiana,46221
Lucien,9,Kansas City,Missouri,64187
Andra,5642,Boise,Idaho,83711
Erna,2160,New York City,New York,10280
Giulietta,38,New Haven,Connecticut,06505
Cchaddie,5124,Indianapolis,Indiana,46278
Marion,59913,Memphis,Tennessee,38136
Willard,85,Omaha,Nebraska,68179
Eustacia,71115,San Jose,California,95150
Lorrie,19,Schenectady,New York,12325
Estelle,766,El Paso,Texas,88530
Anne-marie,4318,Portsmouth,New Hampshire,00214
Consalve,58,Johnstown,Pennsylvania,15906
Davis,30,Mobile,Alabama,36689
Pyotr,2,Washington,District of Columbia,20062
Celinda,250,Roanoke,Virginia,24034
Frayda,9078,Tucson,Arizona,85720
Aretha,3641,Jackson,Mississippi,39216
Land,90,Tampa,Florida,33605
Anissa,9348,Houston,Texas,77260
Wendall,988,Rochester,New York,14604
Xena,13988,Toledo,Ohio,43666
Rey,6254,New York City,New York,10270
Lanae,6709,West Palm Beach,Florida,33416
Thorsten,14147,Detroit,Michigan,48275
Adi,8,Lancaster,California,93584
Ricky,65,Van Nuys,California,91406
Cristian,526,New York City,New York,10150
Nigel,67,Charlotte,North Carolina,28284
Ethelin,10,Springfield,Massachusetts,01129